INSERT INTO account Values('david428','sZ!68!sz','2022-05-21')
INSERT INTO account Values('melody2','yzEC86Ym','2022-11-27')
INSERT INTO account Values('jackyhui','C#EFqu1m','2011-11-02')
INSERT INTO account Values('ianyeung2','DU0A3ZFM','2020-09-28')
INSERT INTO account Values('miko4','%QVAp3g1','2019-12-28')
INSERT INTO account Values('jack4','vPFYFXU7','2011-07-05')
INSERT INTO account Values('dear45','u13zD*De','2017-08-28')
INSERT INTO account Values('kitty467','1Eu&5f!z','2012-10-24')
INSERT INTO account Values('menem','N*eXEdoj','2019-09-20')
INSERT INTO account Values('emily4','OoGZN!xo','2014-01-01')
INSERT INTO account Values('kk344','mnA4gwWN','2014-11-16')
INSERT INTO account Values('ester553','Y0V8b6Uf','2011-06-19')
INSERT INTO account Values('kingsley4','BtLnd4mi','2016-08-31')
INSERT INTO account Values('wesleylo4','8HVA29zu','2013-03-19')
INSERT INTO account Values('ansonfon','wgXSY6hy','2018-04-28')
INSERT INTO account Values('ansonhui5','@nImf^8w','2012-10-18')
INSERT INTO account Values('popo24','hymXaH83','2020-05-24')
INSERT INTO account Values('queenie4','V!dfyd9O','2015-04-21')
INSERT INTO account Values('lomeifin','XJCbs2AU','2018-02-17')
INSERT INTO account Values('lka45','LvKRMgSo','2019-08-08')
INSERT INTO account Values('eliza4','jCQ3^q^Y','2015-03-27')
INSERT INTO account Values('koe63','Gv1BcVfm','2012-10-07')
INSERT INTO account Values('benny5','Kro!s2eQ','2010-12-14')
INSERT INTO account Values('kathyleun','YaL2sh@l','2019-04-07')
INSERT INTO account Values('idyho4','9^DqGbwj','2018-03-12')
INSERT INTO account Values('jasonmei4','qM!d1&Ks','2019-06-24')
INSERT INTO account Values('anderson4','iSoua^Ki','2012-08-15')
INSERT INTO account Values('lawrence4','UivRwf#b','2011-09-28')
INSERT INTO account Values('ivan','3TgwtSlr','2021-01-02')
INSERT INTO account Values('ivanctf','iLSINywm','2016-08-01')
INSERT INTO staff Values('0000','Kwok Hei','DING','M','C5309636','1972-05-06','david428@hotmail.com','4D, Sun Yat House,52 Sun Shui Road,Sham Shui Po','67948362','david428')
INSERT INTO staff Values('0001','Tai Man','HO','M','J1136183','1982-12-02','melody2@yahoo.com','20B, Sun Yat House,52 Sun Shui Road,Sham Shui Po','55804442','melody2')
INSERT INTO staff Values('0002','Yik Lam','CHENG','F','Z8636800','1966-01-26','jackyhui@gmail.com','11D, Hiu Wah House, 22 Hiu Jai Road, Kowloon City','69007526','jackyhui')
INSERT INTO staff Values('0003','Kwok Hei','WONG','M','K0181234','1989-06-22','ianyeung2@rocketmail.com','10C, Sung Kei House, 31 Sun Wah Road, Kowloon Tong','67180365','ianyeung2')
INSERT INTO staff Values('0004','Kwok Hei','LAM','M','Z0618072','1978-04-22','miko4@my.cityu.edu.hk','25D, Ming Wah House,52 Fan Wai Road, Fan ling','92603145','miko4')
INSERT INTO staff Values('0005','Kin Hang','LAM','M','C0566126','1979-02-12','jack4@hotmail.com','18C, Hiu Wah House, 22 Hiu Jai Road, Kowloon City','98100731','jack4')
INSERT INTO staff Values('0006','Yin Hei','LEE','M','Z0497178','1988-12-03','dear45@rocketmail.com','24C, Sun Yat House,52 Sun Shui Road,Sham Shui Po','9741949','dear45')
INSERT INTO staff Values('0007','Mei Lee','CHAN','M','Y9912957','1984-11-19','kitty467@rocketmail.com','26D, Hiu Wah House, 22 Hiu Jai Road, Kowloon City','53326381','kitty467')
INSERT INTO staff Values('0008','Yin Hei','LAM','F','C5215887','1981-09-23','menem@yahoo.com','32B, Sun Yat House,52 Sun Shui Road,Sham Shui Po','6653087','menem')
INSERT INTO staff Values('0009','Ying Nam','DING','M','A9085362','1993-03-17','emily4@gmail.com','12C, Ming Wah House,52 Fan Wai Road, Fan ling','6585639','emily4')
INSERT INTO staff Values('0010','Tin Sheng','YEUNG','M','E027323A','1997-03-20','kk344@yahoo.com','6E, Kin Ming House, 24 Kin Pak Road, Tuen Mun','6463902','kk344')
INSERT INTO staff Values('0011','Tin Sheng','AU','M','Y9452697','1999-03-02','ester553@hotmail.com','12A, Ming Wah House,52 Fan Wai Road, Fan ling','67918798','ester553')
INSERT INTO staff Values('0012','Tai Man','DING','M','Z0778886','1973-10-24','kingsley4@rocketmail.com','3D, Ming Wah House,52 Fan Wai Road, Fan ling','68740819','kingsley4')
INSERT INTO staff Values('0013','Mei Lee','LAM','M','D141960A','1980-01-25','wesleylo4@my.cityu.edu.hk','33E, Sung Kei House, 31 Sun Wah Road, Kowloon Tong','52086134','wesleylo4')
INSERT INTO staff Values('0014','Kwok Hei','CHEUNG','F','D7142839','1966-12-26','ansonfon@hotmail.com','1B, Sung Kei House, 31 Sun Wah Road, Kowloon Tong','9783097','ansonfon')
INSERT INTO book Values('The Magic Tree','John Davis','Penguin Books','9788217845027','2022','0010')
INSERT INTO book Values('Winter Fairy','Christopher Miller','Hanging Loose Press','9781537597546','2011','0013')
INSERT INTO book Values('Wizards of Ice','Charles Williams','Dzanc Books','9784384907001','2015','0001')
INSERT INTO book Values('Call of the Forest','William Johnson','Penguin Books','9782603214787','2012','0002')
INSERT INTO book Values('The Enchanted Ones','Daniel Miller','Dzanc Books','9785437182581','2017','0013')
INSERT INTO book Values('A Spell Too Far','David Brown','Graywolf Press','9789964243012','2010','0008')
INSERT INTO book Values('A Potion For The Wise','Daniel Williams','McSweeney・s','9782679175746','2022','0002')
INSERT INTO book Values('Tower To The Stars','Mark Davis','Dzanc Books','9787210147213','2021','0001')
INSERT INTO book Values('Sea and the Shadow','Charles Jones','Dzanc Books','9786193293399','2010','0006')
INSERT INTO book Values('A smile in the mind','James Williams','Hanging Loose Press','9787479505342','2019','0008')
INSERT INTO book Values('The Power of Now','John Brown','McSweeney・s','9785330309634','2015','0003')
INSERT INTO book Values('Lean In','Richard Brown','Dzanc Books','9789187595639','2014','0004')
INSERT INTO book Values('The Brain That Changes Itself','Richard Jones','Dzanc Books','9786366387795','2022','0003')
INSERT INTO book Values('Men are from Mars Women are from Venus','William Jones','McSweeney・s','9785139756462','2013','0008')
INSERT INTO book Values('Andrea Agassi','Michael Williams','Hanging Loose Press','9787842221947','2011','0005')
INSERT INTO book Values('The Electronic Swagman','David Jones','McSweeney・s','9789082241877','2011','0003')
INSERT INTO book Values('EAST OF EDEN','Robert Brown','McSweeney・s','9785163373130','2021','0002')
INSERT INTO book Values('Do Androids Dream of Electric Sheep?','Joseph Garcia','Graywolf Press','9788631334145','2020','0012')
INSERT INTO book Values('Everything I Never Told You','Christopher Davis','McSweeney・s','9785501199224','2015','0005')
INSERT INTO book Values('Is Everyone Hanging Out Without Me?','Robert Brown','Penguin Books','9781112435119','2022','0014')
INSERT INTO book Values('The Electric Kool-Aid Acid Test','William Jones','Penguin Books','9782380869262','2020','0007')
INSERT INTO book Values('An Evil Cradling','William Miller','Graywolf Press','9784691378273','2022','0001')
INSERT INTO book Values('The Far-Distant Oxus','James Davis','Penguin Books','9787618953454','2020','0010')
INSERT INTO book Values('A Farewell to Arms','Christopher Williams','McSweeney・s','9780596007300','2012','0010')
INSERT INTO book Values('Far From the Madding Crowd','Robert Miller','Hanging Loose Press','9785839333741','2015','0009')
INSERT INTO book Values('Fear and Trembling','John Brown','Hanging Loose Press','9789204109917','2013','0003')
INSERT INTO book Values('For a Breath I Tarry','Michael Williams','Dzanc Books','9781749560277','2022','0011')
INSERT INTO book Values('For Whom the Bell Tolls','Michael Garcia','McSweeney・s','9782186952328','2022','0014')
INSERT INTO book Values('A Handful of Dust','James Miller','Hanging Loose Press','9781454160540','2017','0003')
INSERT INTO book Values('Have His Carcase','Michael Williams','Graywolf Press','9787189314746','2010','0012')
INSERT INTO Library Values('0000','Chai Wan','2429488','13 Chai Kok Road')
INSERT INTO Library Values('0001','Tsuen Wan','2132036','35 Tsuen King Road')
INSERT INTO Library Values('0002','Yau Ma Tei','27214081','4 Yau Street')
INSERT INTO Library Values('0003','Mong Kok','26721582','42 Fa Yuen Street')
INSERT INTO reader Values('0000','Po Lam','TANG','F','K691294A','1997-02-25','ansonhui5@hotmail.com','32B, Ming Wah House,52 Fan Wai Road, Fan ling','53831184','5','ansonhui5')
INSERT INTO reader Values('0001','Kan Hei','CHEUNG','M','B9834643','1979-11-17','popo24@rocketmail.com','23E, Hiu Wah House, 22 Hiu Jai Road, Kowloon City','97227942','6','popo24')
INSERT INTO reader Values('0002','Tak Shing','MO','F','Y9067084','1998-09-20','queenie4@hotmail.com','4E, Sung Kei House, 31 Sun Wah Road, Kowloon Tong','67114060','6','queenie4')
INSERT INTO reader Values('0003','Po Lam','WONG','F','E8502106','1990-02-08','lomeifin@rocketmail.com','1E, Kin Ming House, 24 Kin Pak Road, Tuen Mun','91914932','6','lomeifin')
INSERT INTO reader Values('0004','Kan Hei','DING','M','D7892692','1973-02-04','lka45@yahoo.com','9D, Ming Wah House,52 Fan Wai Road, Fan ling','62943240','6','lka45')
INSERT INTO reader Values('0005','Ling Kiu','DING','M','J0132133','1982-05-25','eliza4@yahoo.com','4E, Ming Wah House,52 Fan Wai Road, Fan ling','5570626','6','eliza4')
INSERT INTO reader Values('0006','Wing Fu','WONG','M','K8713413','1995-02-22','koe63@gmail.com','12E, Kin Ming House, 24 Kin Pak Road, Tuen Mun','55785620','6','koe63')
INSERT INTO reader Values('0007','Wing Fu','DING','F','Y0822610','1969-10-24','benny5@gmail.com','19E, Hiu Wah House, 22 Hiu Jai Road, Kowloon City','66917586','5','benny5')
INSERT INTO reader Values('0008','Po Lam','YEUNG','M','K884111A','1993-10-19','kathyleun@gmail.com','1C, Ming Wah House,52 Fan Wai Road, Fan ling','67438473','5','kathyleun')
INSERT INTO reader Values('0009','Pui Ling','HO','F','D1550552','1966-12-02','idyho4@my.cityu.edu.hk','5C, Sun Yat House,52 Sun Shui Road,Sham Shui Po','52865891','5','idyho4')
INSERT INTO reader Values('0010','Wing Fu','LEE','M','A4270951','1975-04-27','jasonmei4@gmail.com','13E, Kin Ming House, 24 Kin Pak Road, Tuen Mun','92163055','5','jasonmei4')
INSERT INTO reader Values('0011','Ling Kiu','WONG','F','R2501898','1996-12-05','anderson4@hotmail.com','32B, Kin Ming House, 24 Kin Pak Road, Tuen Mun','62209284','6','anderson4')
INSERT INTO reader Values('0012','Wing Fu','LAM','M','C9129411','1999-04-19','lawrence4@gmail.com','32E, Kin Ming House, 24 Kin Pak Road, Tuen Mun','59765074','5','lawrence4')
INSERT INTO reader Values('0013','Kan Hei','DING','M','D2042542','1990-12-10','ivan@yahoo.com','20A, Hiu Wah House, 22 Hiu Jai Road, Kowloon City','96917594','5','ivan')
INSERT INTO reader Values('0014','Tak Shing','HO','M','B0185928','1987-01-28','ivanctf@yahoo.com','10C, Sung Kei House, 31 Sun Wah Road, Kowloon Tong','96357815','5','ivanctf')
INSERT INTO BookCopies Values('4638047255','1','9785839333741','0002')
INSERT INTO BookCopies Values('5659030946','2','9782380869262','0003')
INSERT INTO BookCopies Values('6090930752','8','9782679175746','0001')
INSERT INTO BookCopies Values('5215625024','2','9787842221947','0000')
INSERT INTO BookCopies Values('9868449454','8','9787618953454','0000')
INSERT INTO BookCopies Values('7095146346','2','9789964243012','0002')
INSERT INTO BookCopies Values('6165904585','2','9785139756462','0001')
INSERT INTO BookCopies Values('7272618340','2','9781454160540','0000')
INSERT INTO BookCopies Values('0109975616','2','9784384907001','0003')
INSERT INTO BookCopies Values('7584265089','2','9785501199224','0002')
INSERT INTO BookCopies Values('0522390888','8','9784384907001','0001')
INSERT INTO BookCopies Values('6907937293','2','9788217845027','0000')
INSERT INTO BookCopies Values('4415780425','8','9789964243012','0001')
INSERT INTO BookCopies Values('4807270989','2','9787618953454','0001')
INSERT INTO BookCopies Values('2113291677','8','9782679175746','0000')
INSERT INTO BookCopies Values('8862118248','2','9782186952328','0002')
INSERT INTO BookCopies Values('1006429357','2','9784384907001','0001')
INSERT INTO BookCopies Values('0509201055','2','9787618953454','0001')
INSERT INTO BookCopies Values('9237210780','8','9782603214787','0003')
INSERT INTO BookCopies Values('8382709093','1','9789204109917','0000')
INSERT INTO BookCopies Values('7595443828','2','9786366387795','0001')
INSERT INTO BookCopies Values('9440514395','1','9786366387795','0002')
INSERT INTO BookCopies Values('5651443943','2','9784691378273','0003')
INSERT INTO BookCopies Values('8177411973','8','9787210147213','0003')
INSERT INTO BookCopies Values('0026148146','2','9789082241877','0002')
INSERT INTO BookCopies Values('8088156944','1','9789204109917','0002')
INSERT INTO BookCopies Values('5733779676','1','9785437182581','0001')
INSERT INTO BookCopies Values('4655513338','2','9782380869262','0002')
INSERT INTO BookCopies Values('5930882147','2','9785839333741','0000')
INSERT INTO BookCopies Values('8264619198','1','9788631334145','0003')
INSERT INTO BookCopies Values('8661995532','1','9787210147213','0003')
INSERT INTO BookCopies Values('5667410914','2','9782603214787','0001')
INSERT INTO BookCopies Values('1178126121','8','9787189314746','0003')
INSERT INTO BookCopies Values('2391717742','1','9788631334145','0000')
INSERT INTO BookCopies Values('8980612725','1','9785139756462','0003')
INSERT INTO BookCopies Values('6579511340','8','9782603214787','0000')
INSERT INTO BookCopies Values('7367401384','2','9786366387795','0002')
INSERT INTO BookCopies Values('8292368400','2','9785330309634','0002')
INSERT INTO BookCopies Values('0180008582','8','9789187595639','0003')
INSERT INTO BookCopies Values('8448976455','1','9782186952328','0001')
INSERT INTO BookCopies Values('4875734937','2','9785437182581','0001')
INSERT INTO BookCopies Values('6746163178','2','9784384907001','0002')
INSERT INTO BookCopies Values('1242524051','1','9786366387795','0000')
INSERT INTO BookCopies Values('5415247784','1','9784691378273','0003')
INSERT INTO BookCopies Values('6615682743','2','9781454160540','0001')
INSERT INTO BookCopies Values('3624655703','8','9782380869262','0002')
INSERT INTO BookCopies Values('2934792685','2','9787842221947','0000')
INSERT INTO BookCopies Values('7245551484','2','9785501199224','0001')
INSERT INTO BookCopies Values('0977459488','1','9782186952328','0003')
INSERT INTO BookCopies Values('5213831103','8','9787210147213','0000')
INSERT INTO AddAndRemoveHistory Values('0000','2023-02-20','0509201055','0001')
INSERT INTO AddAndRemoveHistory Values('0001','2023-02-02','9440514395','0011')
INSERT INTO AddAndRemoveHistory Values('0002','2023-01-19','7095146346','0006')
INSERT INTO AddAndRemoveHistory Values('0003','2023-01-11','7367401384','0009')
INSERT INTO AddAndRemoveHistory Values('0004','2023-01-06','1242524051','0002')
INSERT INTO AddAndRemoveHistory Values('0005','2023-02-03','8292368400','0009')
INSERT INTO AddAndRemoveHistory Values('0006','2023-03-02','0977459488','0013')
INSERT INTO AddAndRemoveHistory Values('0007','2023-01-27','2934792685','0010')
INSERT INTO AddAndRemoveHistory Values('0008','2023-02-19','9440514395','0009')
INSERT INTO AddAndRemoveHistory Values('0009','2023-02-15','6090930752','0007')
INSERT INTO AddAndRemoveHistory Values('0010','2023-02-14','2391717742','0004')
INSERT INTO AddAndRemoveHistory Values('0011','2023-01-04','7367401384','0006')
INSERT INTO AddAndRemoveHistory Values('0012','2023-03-01','6579511340','0014')
INSERT INTO AddAndRemoveHistory Values('0013','2023-02-10','6165904585','0013')
INSERT INTO AddAndRemoveHistory Values('0014','2023-01-10','4875734937','0011')
INSERT INTO AddAndRemoveHistory Values('0015','2023-01-10','0509201055','0002')
INSERT INTO AddAndRemoveHistory Values('0016','2023-02-28','8177411973','0008')
INSERT INTO AddAndRemoveHistory Values('0017','2023-01-13','2934792685','0006')
INSERT INTO AddAndRemoveHistory Values('0018','2023-02-04','0026148146','0001')
INSERT INTO AddAndRemoveHistory Values('0019','2023-01-19','3624655703','0008')
INSERT INTO AddAndRemoveHistory Values('0020','2023-01-07','8448976455','0002')
INSERT INTO AddAndRemoveHistory Values('0021','2023-01-04','1242524051','0000')
INSERT INTO AddAndRemoveHistory Values('0022','2023-01-06','4807270989','0000')
INSERT INTO AddAndRemoveHistory Values('0023','2023-01-29','4655513338','0013')
INSERT INTO AddAndRemoveHistory Values('0024','2023-01-26','5667410914','0005')
INSERT INTO AddAndRemoveHistory Values('0025','2023-02-24','9440514395','0004')
INSERT INTO AddAndRemoveHistory Values('0026','2023-02-25','3624655703','0000')
INSERT INTO AddAndRemoveHistory Values('0027','2023-02-27','6579511340','0013')
INSERT INTO AddAndRemoveHistory Values('0028','2023-02-21','6615682743','0004')
INSERT INTO AddAndRemoveHistory Values('0029','2023-01-07','7595443828','0011')
INSERT INTO AddAndRemoveHistory Values('0030','2023-01-05','6907937293','0009')
INSERT INTO AddAndRemoveHistory Values('0031','2023-01-16','8177411973','0005')
INSERT INTO AddAndRemoveHistory Values('0032','2023-01-23','7272618340','0000')
INSERT INTO AddAndRemoveHistory Values('0033','2023-02-25','1178126121','0009')
INSERT INTO AddAndRemoveHistory Values('0034','2023-03-06','2113291677','0008')
INSERT INTO AddAndRemoveHistory Values('0035','2023-01-14','0509201055','0004')
INSERT INTO AddAndRemoveHistory Values('0036','2023-02-11','0509201055','0000')
INSERT INTO AddAndRemoveHistory Values('0037','2023-01-21','7245551484','0006')
INSERT INTO AddAndRemoveHistory Values('0038','2023-03-01','4638047255','0002')
INSERT INTO AddAndRemoveHistory Values('0039','2023-02-18','2934792685','0007')
INSERT INTO AddAndRemoveHistory Values('0040','2023-02-15','8088156944','0000')
INSERT INTO AddAndRemoveHistory Values('0041','2023-02-01','5215625024','0004')
INSERT INTO AddAndRemoveHistory Values('0042','2023-01-20','7245551484','0011')
INSERT INTO AddAndRemoveHistory Values('0043','2023-01-08','7095146346','0006')
INSERT INTO AddAndRemoveHistory Values('0044','2023-02-19','8382709093','0006')
INSERT INTO AddAndRemoveHistory Values('0045','2023-01-28','1006429357','0004')
INSERT INTO AddAndRemoveHistory Values('0046','2023-03-06','5415247784','0000')
INSERT INTO AddAndRemoveHistory Values('0047','2023-02-17','2391717742','0011')
INSERT INTO AddAndRemoveHistory Values('0048','2023-03-05','5659030946','0010')
INSERT INTO AddAndRemoveHistory Values('0049','2023-01-20','8448976455','0010')
INSERT INTO BorrowHistory Values('0000','2023-02-10','2023-03-24','2','8','4638047255','0006')
INSERT INTO BorrowHistory Values('0001','2023-02-23','2023-03-23','1','8','5659030946','0014')
INSERT INTO BorrowHistory Values('0002','2023-02-10','2023-04-07','3','8','6090930752','0004')
INSERT INTO BorrowHistory Values('0003','2023-01-01','2023-02-26','3','8','5215625024','0002')
INSERT INTO BorrowHistory Values('0004','2023-02-22','2023-04-05','2','8','9868449454','0000')
INSERT INTO BorrowHistory Values('0005','2023-01-19','2023-02-02','0','8','7095146346','0009')
INSERT INTO BorrowHistory Values('0006','2023-01-19','2023-02-02','0','8','6165904585','0013')
INSERT INTO BorrowHistory Values('0007','2023-02-04','2023-02-18','0','8','7272618340','0012')
INSERT INTO BorrowHistory Values('0008','2023-02-03','2023-03-03','1','8','0109975616','0006')
INSERT INTO BorrowHistory Values('0009','2023-01-13','2023-02-10','1','8','7584265089','0011')
INSERT INTO BorrowHistory Values('0010','2023-01-28','2023-02-25','1','8','0522390888','0011')
INSERT INTO BorrowHistory Values('0011','2023-02-17','2023-03-03','0','8','6907937293','0011')
INSERT INTO BorrowHistory Values('0012','2023-01-20','2023-03-03','2','8','4415780425','0001')
INSERT INTO BorrowHistory Values('0013','2023-02-20','2023-04-03','2','8','4807270989','0010')
INSERT INTO BorrowHistory Values('0014','2023-02-09','2023-03-09','1','8','2113291677','0006')
INSERT INTO BorrowHistory Values('0015','2023-02-09','2023-04-06','3','8','8862118248','0008')
INSERT INTO BorrowHistory Values('0016','2023-02-09','2023-03-23','2','8','1006429357','0000')
INSERT INTO BorrowHistory Values('0017','2023-01-17','2023-01-31','0','8','0509201055','0013')
INSERT INTO BorrowHistory Values('0018','2023-02-08','2023-02-22','0','8','9237210780','0012')
INSERT INTO BorrowHistory Values('0019','2023-02-09','2023-03-23','2','8','8382709093','0000')
INSERT INTO BorrowHistory Values('0020','2023-01-28','2023-02-25','1','8','7595443828','0005')
INSERT INTO BorrowHistory Values('0021','2023-02-11','2023-02-25','0','8','9440514395','0008')
INSERT INTO BorrowHistory Values('0022','2023-02-04','2023-03-04','1','8','5651443943','0012')
INSERT INTO BorrowHistory Values('0023','2023-03-01','2023-04-26','3','8','8177411973','0003')
INSERT INTO BorrowHistory Values('0024','2023-01-20','2023-02-03','0','8','0026148146','0005')
INSERT INTO BorrowHistory Values('0025','2023-01-03','2023-02-14','2','8','8088156944','0007')
INSERT INTO BorrowHistory Values('0026','2023-01-22','2023-02-19','1','8','5733779676','0006')
INSERT INTO BorrowHistory Values('0027','2023-01-22','2023-03-05','2','8','4655513338','0004')
INSERT INTO BorrowHistory Values('0028','2023-01-19','2023-03-02','2','8','5930882147','0007')
INSERT INTO BorrowHistory Values('0029','2023-02-11','2023-04-08','3','8','8264619198','0014')
INSERT INTO BorrowHistory Values('0030','2023-02-06','2023-02-20','0','8','8661995532','0001')
INSERT INTO BorrowHistory Values('0031','2023-02-08','2023-03-22','2','8','5667410914','0009')
INSERT INTO BorrowHistory Values('0032','2023-01-27','2023-02-24','1','8','1178126121','0007')
INSERT INTO BorrowHistory Values('0033','2023-01-06','2023-01-20','0','8','2391717742','0014')
INSERT INTO BorrowHistory Values('0034','2023-02-09','2023-03-09','1','8','8980612725','0006')
INSERT INTO BorrowHistory Values('0035','2023-01-16','2023-01-30','0','8','6579511340','0011')
INSERT INTO BorrowHistory Values('0036','2023-01-30','2023-02-27','1','8','7367401384','0004')
INSERT INTO BorrowHistory Values('0037','2023-01-11','2023-02-08','1','8','8292368400','0010')
INSERT INTO BorrowHistory Values('0038','2023-01-13','2023-01-27','0','8','0180008582','0000')
INSERT INTO BorrowHistory Values('0039','2023-02-12','2023-03-12','1','8','8448976455','0007')
INSERT INTO BorrowHistory Values('0040','2023-01-23','2023-03-06','2','8','4875734937','0002')
INSERT INTO BorrowHistory Values('0041','2023-02-12','2023-04-09','3','8','6746163178','0001')
INSERT INTO BorrowHistory Values('0042','2023-02-06','2023-03-06','1','8','1242524051','0001')
INSERT INTO BorrowHistory Values('0043','2023-03-01','2023-04-26','3','8','5415247784','0012')
INSERT INTO BorrowHistory Values('0044','2023-01-01','2023-02-12','2','8','6615682743','0014')
INSERT INTO BorrowHistory Values('0045','2023-02-27','2023-03-13','0','8','3624655703','0011')
INSERT INTO BorrowHistory Values('0046','2023-01-05','2023-01-19','0','8','2934792685','0002')
INSERT INTO BorrowHistory Values('0047','2023-02-18','2023-03-18','1','8','7245551484','0012')
INSERT INTO BorrowHistory Values('0048','2023-02-14','2023-03-28','2','8','0977459488','0005')
INSERT INTO BorrowHistory Values('0049','2023-02-26','2023-04-23','3','8','5213831103','0006')
